<?xml version="1.0" encoding="UTF-8"?>
<Configuration status="WARN">
    <Appenders>
        <Console name="Console" target="SYSTEM_OUT">
            <PatternLayout pattern="%d{HH:mm:ss.SSS} [%t] %-5level %logger{36} - %msg%n"/>
        </Console>
    </Appenders>
    <Loggers>
        <Logger name="io.netty" level="info">
            <AppenderRef ref="Console"/>
        </Logger>
        <Root level="${sys:root.level:-info}">
            <AppenderRef ref="Console"/>
        </Root>
    </Loggers>
</Configuration>
